-Macusercom <support@macusercom.net>
-
-tunioz <tunioz@gmail.com>
-chronzz <iphone@chronzz.com>
-chronzz <iphone@chronzz.com>
-chronzz <iphone@chronzz.com>
-chronzz <iphone@chronzz.com>
-chronzz <iphone@chronzz.com>
-chronzz <iphone@chronzz.com>
-stockmobile <zh.richard.lee@gmail.com>
-varju <alex@varju.ca>
-JD.E <jd.e@macrolabs.co.cc>
-JD.E <jdeubank2000@yahoo.com>
-CocoaNuts <celeste@cocoanuts.co>
-CocoaNuts <support@cocoanuts.co>
-galman <galpasgal@hotmail.com>
-ismoothproject <cjag@me.com>
-moeZ <slamduck@gmail.com>
-Aaron Ash <support@multifl0w.com>
-AcidFlashStudios <ridge.nairn@gmail.com>
-decibell <decibeat@gmail.com>
-adrianhamelink <adrian@hamelink.com>
-adriweb <adrienbertrand@msn.com>
-AdventuresLimited <marko_stajic@hotmail.com>
-aidanski <aidanski@live.co.uk>
-alexelgt <alexelgt@gmail.com>
-alexelgt <alexelgt@gmail.com>
-alexelgt <alexelgt@gmail.com>
-alexelgt <alexelgt@gmail.com>
-alexelgt <alexelgt@gmail.com>
-alexelgt <alexelgt@gmail.com>
-alexelgt <alexelgt@gmail.com>
-alexelgt <alexelgt@gmail.com>
-alexelgt <alexelgt@gmail.com>
-alexelgt <alexelgt@gmail.com>
-alexelgt <alexelgt@gmail.com>
-alexelgt <alexelgt@gmail.com>
-alexelgt <alexelgt@gmail.com>
-alexelgt <alexelgt@gmail.com>
-alexelgt <alexelgt@gmail.com>
-dsinc14 <dsinc14@aol.com>
-Raptors <alireda321@hotmail.com>
-Ali Reda <alireda321@hotmail.com>
-alpden <alpden550@gmail.com>
-AN0NYM0US Developer <justinbush7@gmail.com>
-AN0NYM0US Developer <justinbush7@gmail.com>
-Seth K <sethk@meowfishies.com>
-TheIphoneLab <theiphonelab@gmail.com>
-iNixthium <inixthium2011@gmail.com>
-Antonio Calatrava <iphoneutilities@antoniocalatrava.com>
-lcdwireless <lance@lcd-wireless.com>
-App1eNerd <ron3353@gmail.com>
-Aftershock64 <alec.guzki@gmail.com>
-Appwizz <appwizzinc@gmail.com>
-Appwizz <appwizzinc@gmail.com>
-Appwizz <appwizzinc@gmail.com>
-Appwizz <appwizzinc@gmail.com>
-Appwizz <appwizzinc@gmail.com>
-Appwizz <appwizzinc@gmail.com>
-kylemcallister <b59523@hotmail.com>
-asae <asaerong@gmail.com>
-David Ashman (Stimpy5050) <dashman@gmail.com>
-David Ashman (Stimpy5050) <dashman@gmail.com>
-David Ashman (Stimpy5050) <dashman@gmail.com>
-LockInfo, LLC <support@lockinfo.net>
-LockInfo, LLC <support@lockinfo.net>
-David Ashman (Stimpy5050) <dashman@gmail.com>
-David Ashman (Stimpy5050) <dashman@gmail.com>
-David Ashman (Stimpy5050) <dashman@gmail.com>
-David Ashman (Stimpy5050) <dashman@gmail.com>
-David Ashman (Stimpy5050) <dashman@gmail.com>, Rajendra Patil (@rrpatil26)
-David Ashman (Stimpy5050) <dashman@gmail.com>
-David Ashman (Stimpy5050) <dashman@gmail.com>
-David Ashman (Stimpy5050) <iphone-support@ashman.com>
-David Ashman (Stimpy5050) <dashman@gmail.com>
-David Ashman (Stimpy5050) <dashman@gmail.com>
-David Ashman (Stimpy5050) <dashman@gmail.com>
-David Ashman (Stimpy5050) <dashman@gmail.com>
-David Ashman (Stimpy5050)
-P3 Studios <support@PhotoPhraggers.com>
-Donaldj83 <donald@autorefinow.com>
-Krovem <max_ukr@hotmail.com>
-Wyatt999 <darkrai99@optonline.net>
-Wyatt Biedermann <darkrai99@optonline.net>
-Krovem <max_ukr@hotmail.com>
-BizBink <matthew.vanderende@yahoo.ca>
-GuessNumber <guessnmbr@gmail.com>
-dsinc14 <dsinc14@aol.com>
-Bonush PTY LTD <russell.harrower@designvisa.com>
-Ryan Petrich <rpetrich@gmail.com>
-dsinc14 <dsinc14@aol.com>
-unobrandon <unobrandon@mac.com>
-unobrandon <unobrandon@mac.com>
-hungle <hungdt8@gmail.com>
-brandon28139 <brandon28139@gmail.com>
-brandon28139 <brandon28139@gmail.com>
-sega dude <BBrandy95@aol.com>
-brbortscheller <bradleybort@iowatelecom.net>
-brbortscheller <bradleybort@iowatelecom.net>
-senators24 <admin@idevcreations.com>
-Lucconouche <dev.luc.olivier.dumais.blais@gmail.com>
-BSD <support@bluffmycall.com>
-BSD <support@bluffmycall.com>
-Buck Bailey <r.buck.bailey+dev@gmail.com>
-Buck Bailey <r.buck.bailey+dev@gmail.com>
-Buck Bailey <r.buck.bailey+dev@gmail.com>
-Buck Bailey <r.buck.bailey+dev@gmail.com>
-Buck Bailey <r.buck.bailey+dev@gmail.com>
-Conor (Burgch), Stimpy5050 <Burgess.Conor@googlemail.com>
-Matt Cox (BxK) <mccox93@yahoo.com>
-cookie181992 <mrcookie@hotmail.co.uk>
-gaurav_rwl <gauravrwl@gmail.com>
-Luke Calderon <xqtcomputers@googlemail.com>
-dmarinov <di.marinov@gmail.com>
-ruben.roa <roa8409@hotmail.com>
-ipodtouchftw <cartermario@hotmail.com>
-Netter <myadvertexting@gmail.com>
-ch@os <ichaos@rocketmail.com>
-chinchorrospr <german@chinchorrospr.com>
-chpwn <chpwn@xuzz.net>
-ChrisGraphiX <webmaster@chrisgraphix.fr>
-ChrisGraphiX <webmaster@chrisgraphix.fr>
-ChroniumX <iphonehelper786@gmail.com>
-Doomtasticness <doompwny@aim.com>
-dsinc14 <dsinc14@aol.com>
-Chris Davidson <clad84@gmail.com>
-dsinc14 <dsinc14@aol.com>
-cnotethegr8 <cnotethegr8@gmail.com>
-codytc <fishface720@hotmail.co.uk>
-coffeejay <coffeejay@me.com>
-planetbeing <planetbeing@gmail.com>
-Conrad Kramer <ckrames1234@gmail.com>
-Conrad Kramer <ckrames1234@gmail.com>
-turnercj65 <turnercj65@gmail.com>
-Aftershock64 <alec.guzki@gmail.com>
-iphonedev714 <iphonedev714@gmail.com>
-ctrled <ctrled.surveys@gmail.com>
-ctrled <ctrled.surveys@gmail.com>
-ctrled <ctrled.surveys@gmail.com>
-ctrled <ctrled.surveys@gmail.com>
-Jon Peterson <cts.mobilesoft@me.com>
-Jon Peterson <cts.mobilesoft@me.com>
-Jon Peterson <cts.mobilesoft@me.com>
-Jon Peterson <cts.mobilesoft@me.com>
-Jon Peterson <cts.mobilesoft@me.com>
-Jon Peterson <cts.mobilesoft@me.com>
-Jon Peterson <cts.mobilesoft@me.com>
-Jon Peterson <cts.mobilesoft@me.com>
-Jon Peterson <cts.mobilesoft@me.com>
-Jon Peterson <cts.mobilesoft@me.com>
-Jon Peterson <cts.mobilesoft@me.com>
-Jon Peterson <cts.mobilesoft@me.com>
-Jon Peterson <cts.mobilesoft@me.com>
-Jon Peterson <cts.mobilesoft@me.com>
-Jon Peterson <cts.mobilesoft@me.com>
-Jon Peterson <cts.mobilesoft@me.com>
-Jon Peterson <cts.mobilesoft@me.com>
-Jon Peterson <cts.mobilesoft@me.com>
-Jon Peterson <cts.mobilesoft@me.com>
-Jon Peterson <cts.mobilesoft@me.com>
-Jon Peterson <cts.mobilesoft@me.com>
-Jon Peterson <cts.mobilesoft@me.com>
-
-Greg Meach
-damar1st <dam@damarist.de>
-Petcu Marius (da_petcu21) <dapetcu21@gmail.com>
-DarkCenobyte <darkcenobyte@gmail.com>
-darksniper404 <irock250@gmail.com>
-DarkWeaver <darkweaver@gmail.com>
-hc <hc@databinge.com>
-hc <hc@databinge.com>
-idlemedia <advertising@idlemedia.com>
-alongley521 <alongley521@gmail.com>
-David Porter <support@davidporterapps.com>
-dba Technologies, LLC <support@dba-technologies.com>
-pw5a29 <pw5a29@yahoo.com.hk>
-dcampogiani <daniele.campogiani@gmail.com>
-dcampogiani <daniele.campogiani@gmail.com>
-Deep Net Security <support@deepnetsecurity.com>
-defense2000x <defense2000x@aol.com>
-Den108 <Fan444@gmail.com>
-Den108 <Fan444@gmail.com>
-Den108 <dennis@dennisfan.com>
-Andres_Lopez <develappment11@gmail.com>
-chaosking121 <iarsh930@gmail.com>
-Valaron <user.goldcrest@googlemail.com>
-diadiem <tom.tran@diadiem.com>
-diadiem.com <contact@diadiem.com>
-Aftershock64 <alec.guzki@gmail.com>
-dimonchig <dimonchig@gmail.com>
-Dirk Swizzler <ximeter@yahoo.com>
-Stefan Kofler <grafele@gmail.com>
-Devon Misak <dsinc14@aol.com>
-dpearson <dpearson26@gmail.com>
-DreamCatcher <support@iphonevideorecorder.com>
-theapplereviewguy <theapplereviewguy@yahoo.com>
-dsinc14 <dsinc14@aol.com>
-dxs <dxs444@gmail.com>
-dxs <dxs444@gmail.com>
-Ebildude123 <weidiz999@yahoo.com>
-mikuu41 <maikerto@hot.ee>
-Efiko Software <support@efksoft.com>
-ElectronicFun <electronicfun2@gmail.com>
-ElectronicFun <electronicfun2@gmail.com>
-ElectronicFun <electronicfun2@gmail.com>
-ElectronicFun <electronicfun2@gmail.com>
-ElectronicFun <electronicfun2@gmail.com>
-ElectronicFun <electronicfun2@gmail.com>
-ElectronicFun <technews4you@aol.com>
-v.e.yildirim <v.e.yildirim+dev@gmail.com>
-Erica Sadun <apptapp@ericasadun.com>
-Anton Ermak <anton@ermak.us>
-michliu2011 <michliu.liu@gmail.com>
-robx93 <robx93@aim.com>
-robx93 <robx93@aim.com>
-robx93 <robx93@aim.com>
-faw_zz <faw_zz@hotmail.com>
-Filippo_Biga <filippobiga.dev@gmail.com>
-Filippo_Biga <filippobiga.dev@gmail.com>
-Filippo_Biga <filippobiga.dev@gmail.com>
-Filippo_Biga <filippobiga.dev@gmail.com>
-Filippo_Biga <filippobiga.dev@gmail.com>
-Filippo_Biga <filippobiga.dev@gmail.com>
-Filippo_Biga <filippobiga.dev@gmail.com>
-Filippo_Biga <filippobiga.dev@gmail.com>
-Filippo_Biga <filippobiga.dev@gmail.com>
-Filippo_Biga <filippobiga.dev@gmail.com>
-Filippo_Biga <filippobiga.dev@gmail.com>
-Filippo_Biga <filippobiga.dev@gmail.com>
-thonga14 <thonga14@yahoo.com>
-Yonas Yanfa <yonas.y@gmail.com>
-Fkuios <fkuios@gmail.com>
-flatpricemusic.com <development@joymusic.mobi>
-dmql <dmql@dmql.org>
-forexds <jpaz@forexdatasource.com>
-Youssef Francis <att.saver@gmail.com>
-Funs
-iCalifornia <caalif0rnia@tech-a-pedia.com>
-galman <galpasgal@hotmail.com>
-PrettySweetie <oegodf@gmail.com>
-bugatti_fan <eddyionescu@yahoo.ca>
-Kevin Gardenhire <b.psycho@gmail.com>
-GuitarGav8 <cooliovongavio@gmail.com>
-besweeet <besweeet@gmail.com>
-Geoff Gonzalez <geoff.gonzalez@gmail.com>
-GeekworksLLC <mark@geekworksllc.com>
-Sterg Dikos <stergdikos12@yahoo.com>
-GetMobiled <support@getmobiled.com>
-Xamps <robestradac@gmail.com>
-FelixAppsInc <admin@felixapplications.com>
-fr0st <willie_m5296@hotmail.com>
-fr0st <willie_m5296@hotmail.com>
-fr0st <willie_m5296@hotmail.com>
-goldenspy <contact@goldenspy.com>
-RobSuper <y.steiner@gmail.com>
-Chen Jaofeng <jaofeng.chen@gmail.com>
-greensnow <blake_rocks_13@hotmail.com>
-greensnow <blake_rocks_13@hotmail.com>
-greensnow <blake_rocks_13@hotmail.com>
-greensnow <blake_rocks_13@hotmail.com>
-greensnow <blake_rocks_13@hotmail.com>
-greensnow <blake_rocks_13@hotmail.com>
-greensnow <blake_rocks_13@hotmail.com>
-Greg Elliott <synchstep@gmail.com>
-Krovem <max_ukr@hotmail.com>
-Guizmo <g.duteil@gmail.com>
-Guizmo <g.duteil@gmail.com>
-Freerunnering <Freerunnering@gmail.com>
-H4CK3R <freerunnering@yahoo.com>
-HazAnwar <HazAnwar@hotmail.com>
-HazAnwar <HazAnwar@hotmail.com>
-Henrik Taule <htaule@gmail.com>
-Nick Hesson <elemental@nickhesson.com>
-Nick Hesson <iStickers@nickhesson.com>
-Nick Hesson <iStickers@nickhesson.com>
-iThemes <SBRequests@gmail.com>
-Nicolas Hesson <nick@nickhesson.com>
-nhesson <wmp@nickhesson.com>
-imstr <maarten@imstr.tk>
-iAppDev <rainbows@iappdev.com>
-madden648 <jakesvideos648@gmail.com>
-madden648 <jakesvideos648@gmail.com>
-madden648 <jakesvideos648@gmail.com>
-Jake Schultz <jakesvideos648@gmail.com>
-Jake Schultz <jakesvideos648@gmail.com>
-Jake Schultz <jakesvideos648@gmail.com>
-Jake Schultz <jakesvideos648@gmail.com>
-Krovem <max_ukr@hotmail.com>
-icoolplay <brucezhu99@yahoo.com.cn>
-senators24 <admin@idevcreations.com>
-senators24 <admin@idevcreations.com>
-senators24 <admin@idevcreations.com>
-Qfringe <qfringe@gmail.com>
-senators24 <admin@idevcreations.com>
-senators24 <admin@idevcreations.com>
-senators24 <admin@idevcreations.com>
-senators24 <admin@idevcreations.com>
-FreeApple <grounduprecords@live.com>
-Aftershock64 <alec.guzki@gmail.com>
-iFonetec Support <support@ifonetec.com>
-iFonetec Ltd <support@ifonetec.com>
-Gary Jang <support@ifonetec.com>
-Aftershock64 <alec.guzki@gmail.com>
-ih8sn0w <ih8sn0wydaz@gmail.com>
-high dB <will.buckley0@googlemail.com>
-Stephen Smith <stephensmith@gmail.com>
-camory182 <revoiphone@gmail.com>
-Stephen Smith <stephensmith@gmail.com>
-FelixAppsInc <admin@felixapplications.com>
-iHustleApps <ihustleapps@gmail.com>
-iHustleApps <ihustleapps@gmail.com>
-iHustleApps <ihustleapps@gmail.com>
-iHustleApps <ihustleapps@gmail.com>
-iHustleApps <ihustleapps@gmail.com>
-iHustleApps <ihustleapps@gmail.com>
-iHustleApps <ihustleapps@gmail.com>
-iHustleApps <ihustleapps@gmail.com>
-iHustleApps <ihustleapps@gmail.com>
-iHustleApps <ihustleapps@gmail.com>
-iHustleApps <ihustleapps@gmail.com>
-iHustleApps <ihustleapps@gmail.com>
-iHustleApps <ihustleapps@gmail.com>
-iHustleApps <ihustleapps@gmail.com>
-iHustleApps <ihustleapps@gmail.com>
-iHustleApps <ihustleapps@gmail.com>
-iHustleApps <ihustleapps@gmail.com>
-iHustleApps <ihustleapps@gmail.com>
-iHustleApps <ihustleapps@gmail.com>
-iHustleApps <ihustleapps@gmail.com>
-iHustleApps <ihustleapps@gmail.com>
-iHustleApps <ihustleapps@gmail.com>
-iHustleApps <ihustleapps@gmail.com>
-iHustleApps <ihustleapps@gmail.com>
-iHustleApps <ihustleapps@gmail.com>
-iHustleApps <ihustleapps@gmail.com>
-iHustleApps <ihustleapps@gmail.com>
-iHustleApps <ihustleapps@gmail.com>
-iHustleApps <ihustleapps@gmail.com>
-iHustleApps <ihustleapps@gmail.com>
-iHustleApps <ihustleapps@gmail.com>
-iHustleApps <ihustleapps@gmail.com>
-iHustleApps <ihustleapps@gmail.com>
-iHustleApps <ihustleapps@gmail.com>
-iHustleApps <ihustleapps@gmail.com>
-iHustleApps <ihustleapps@gmail.com>
-iHustleApps <ihustleapps@gmail.com>
-iHustleApps <ihustleapps@gmail.com>
-iHustleApps <ihustleapps@gmail.com>
-iHustleApps <ihustleapps@gmail.com>
-iHustleApps <ihustleapps@gmail.com>
-iHustleApps <ihustleapps@gmail.com>
-iHustleApps <ihustleapps@gmail.com>
-iHustleApps <ihustleapps@gmail.com>
-iHustleApps <ihustleapps@gmail.com>
-iHustleApps <ihustleapps@gmail.com>
-iHustleApps <ihustleapps@gmail.com>
-iHustleApps <ihustleapps@gmail.com>
-iHustleApps <ihustleapps@gmail.com>
-iHustleApps <ihustleapps@gmail.com>
-iHustleApps <ihustleapps@gmail.com>
-iHustleApps <ihustleapps@gmail.com>
-iHustleApps <ihustleapps@gmail.com>
-iHustleApps <ihustleapps@gmail.com>
-iHustleApps <ihustleapps@gmail.com>
-iHustleApps <ihustleapps@gmail.com>
-iHustleApps <ihustleapps@gmail.com>
-iHustleApps <ihustleapps@gmail.com>
-iHustleApps <ihustleapps@gmail.com>
-iHustleApps <ihustleapps@gmail.com>
-iHustleApps <ihustleapps@gmail.com>
-iHustleApps <ihustleapps@gmail.com>
-iHustleApps <ihustleapps@gmail.com>
-iHustleApps <ihustleapps@gmail.com>
-iHustleApps <ihustleapps@gmail.com>
-iHustleApps <ihustleapps@gmail.com>
-iHustleApps <ihustleapps@gmail.com>
-iHustleApps <ihustleapps@gmail.com>
-iHustleApps <ihustleapps@gmail.com>
-iHustleApps <ihustleapps@gmail.com>
-iHustleApps <ihustleapps@gmail.com>
-iHustleApps <ihustleapps@gmail.com>
-iHustleApps <ihustleapps@gmail.com>
-iHustleApps <ihustleapps@gmail.com>
-iHustleApps <ihustleapps@gmail.com>
-iHustleApps <ihustleapps@gmail.com>
-iHustleApps <ihustleapps@gmail.com>
-iHustleApps <ihustleapps@gmail.com>
-iHustleApps <ihustleapps@gmail.com>
-iHustleApps <ihustleapps@gmail.com>
-iHustleApps <ihustleapps@gmail.com>
-iHustleApps <ihustleapps@gmail.com>
-iHustleApps <ihustleapps@gmail.com>
-iHustleApps <ihustleapps@gmail.com>
-iHustleApps <ihustleapps@gmail.com>
-iHustleApps <ihustleapps@gmail.com>
-iHustleApps <ihustleapps@gmail.com>
-iHustleApps <ihustleapps@gmail.com>
-iHustleApps <ihustleapps@gmail.com>
-iHustleApps <ihustleapps@gmail.com>
-iHustleApps <ihustleapps@gmail.com>
-iHustleApps <ihustleapps@gmail.com>
-iHustleApps <ihustleapps@gmail.com>
-iHustleApps <ihustleapps@gmail.com>
-iHustleApps <ihustleapps@gmail.com>
-iHustleApps <ihustleapps@gmail.com>
-iHustleApps <ihustleapps@gmail.com>
-iHustleApps <ihustleapps@gmail.com>
-iHustleApps <ihustleapps@gmail.com>
-iHustleApps <ihustleapps@gmail.com>
-iHustleApps <ihustleapps@gmail.com>
-iHustleApps <ihustleapps@gmail.com>
-iHustleApps <ihustleapps@gmail.com>
-iHustleApps <ihustleapps@gmail.com>
-iHustleApps <ihustleapps@gmail.com>
-iHustleApps <ihustleapps@gmail.com>
-iHustleApps <ihustleapps@gmail.com>
-iHustleApps <ihustleapps@gmail.com>
-iHustleApps <ihustleapps@gmail.com>
-iHustleApps <ihustleapps@gmail.com>
-iHustleApps <ihustleapps@gmail.com>
-iHustleApps <ihustleapps@gmail.com>
-iHustleApps <ihustleapps@gmail.com>
-iHustleApps <ihustleapps@gmail.com>
-iHustleApps <ihustleapps@gmail.com>
-iHustleApps <ihustleapps@gmail.com>
-iHustleApps <ihustleapps@gmail.com>
-iipr <info@iipr.com>
-madden648 <jakesvideos648@gmail.com>
-Antonio Calatrava <iphoneutilities@antoniocalatrava.com>
-Antonio Calatrava <iphoneutilities@antoniocalatrava.com>
-Imagine09 <chuck@imagine09.com>
-Imagine09 <chuck@imagine09.com>
-Imagine09 <chuck@imagine09.com>
-Imagine09 <chuck@imagine09.com>
-Imagine09 <chuck@imagine09.com>
-Imagine09 <chuck@imagine09.com>
-Imagine09 <chuck@imagine09.com>
-imakeiphoneapps <imakeiphoneapps@gmail.com>
-iMario <mariovanbeem@gmail.com>
-Martin Andersson <zoi@immersi0n.org>
-iModdr <imoddr@gmail.com>
-dwalker <darknesswalker@hotmail.com>
-imakeiphoneapps <imakeiphoneapps@gmail.com>
-iNixthium <inixthium2011@gmail.com>
-iNixthium <inixthium2011@gmail.com>
-innoying <innoying@gmail.com>
-innoying <innoying@gmail.com>
-
-
-CvP <cvp@banglagamer.com>
-inZania <support@inZania.com>
-Zane Claes <staff@inZania.com>
-Zane Claes <staff@inzania.com>
-Zane Claes <staff@inzania.com>
-Zane Claes <staff@inzania.com>
-Zane Claes <staff@inzania.com>
-Zane Claes <staff@inzania.com>
-iPhather <admin@iphather.com>
-camory182 <revoiphone@gmail.com>
-camory182 <revoiphone@gmail.com>
-
-RepoMan <idzrepo@gmail.com>
-
-
-RepoMan <idzrepo@gmail.com>
-RepoMan <idzrepo@gmail.com>
-Chase <revoiphone@gmail.com>
-RepoMan <idzrepo@gmail.com>
-RepoMan <idzrepo@gmail.com>
-RepoMan <idzrepo@gmail.com>
-RepoMan <idzrepo@gmail.com>
-RepoMan <idzrepo@gmail.com>
-RepoMan <idzrepo@gmail.com>
-RepoMan <idzrepo@gmail.com>
-RepoMan <idzrepo@gmail.com>
-RepoMan <idzrepo@gmail.com>
-RepoMan <idzrepo@gmail.com>
-RepoMan <idzrepo@gmail.com>
-RepoMan <idzrepo@gmail.com>
-RepoMan <idzrepo@gmail.com>
-RepoMan <idzrepo@gmail.com>
-RepoMan <idzrepo@gmail.com>
-RepoMan <idzrepo@gmail.com>
-
-RepoMan <idzrepo@gmail.com>
-RepoMan <idzrepo@gmail.com>
-RepoMan <idzrepo@gmail.com>
-RepoMan <idzrepo@gmail.com>
-RepoMan <idzrepo@gmail.com>
-RepoMan <idzrepo@gmail.com>
-RepoMan <idzrepo@gmail.com>
-RepoMan <idzrepo@gmail.com>
-RepoMan <idzrepo@gmail.com>
-RepoMan <idzrepo@gmail.com>
-RepoMan <idzrepo@gmail.com>
-RepoMan <idzrepo@gmail.com>
-RepoMan <idzrepo@gmail.com>
-RepoMan <idzrepo@gmail.com>
-RepoMan <idzrepo@gmail.com>
-RepoMan <idzrepo@gmail.com>
-RepoMan <idzrepo@gmail.com>
-RepoMan <idzrepo@gmail.com>
-RepoMan <idzrepo@gmail.com>
-RepoMan <idzrepo@gmail.com>
-RepoMan <idzrepo@gmail.com>
-RepoMan <idzrepo@gmail.com>
-RepoMan <idzrepo@gmail.com>
-RepoMan <idzrepo@gmail.com>
-RepoMan <idzrepo@gmail.com>
-RepoMan <idzrepo@gmail.com>
-RepoMan <idzrepo@gmail.com>
-RepoMan <idzrepo@gmail.com>
-
-RepoMan <idzrepo@gmail.com>
-RepoMan <idzrepo@gmail.com>
-RepoMan <idzrepo@gmail.com>
-RepoMan <idzrepo@gmail.com>
-RepoMan <idzrepo@gmail.com>
-RepoMan <idzrepo@gmail.com>
-RepoMan <idzrepo@gmail.com>
-RepoMan <idzrepo@gmail.com>
-RepoMan <idzrepo@gmail.com>
-RepoMan <idzrepo@gmail.com>
-RepoMan <idzrepo@gmail.com>
-RepoMan <idzrepo@gmail.com>
-RepoMan <idzrepo@gmail.com>
-RepoMan <idzrepo@gmail.com>
-RepoMan <idzrepo@gmail.com>
-RepoMan <idzrepo@gmail.com>
-RepoMan <idzrepo@gmail.com>
-RepoMan <idzrepo@gmail.com>
-RepoMan <idzrepo@gmail.com>
-RepoMan <idzrepo@gmail.com>
-RepoMan <idzrepo@gmail.com>
-RepoMan <idzrepo@gmail.com>
-RepoMan <idzrepo@gmail.com>
-RepoMan <idzrepo@gmail.com>
-RepoMan <idzrepo@gmail.com>
-RepoMan <idzrepo@gmail.com>
-RepoMan <idzrepo@gmail.com>
-RepoMan <idzrepo@gmail.com>
-RepoMan <idzrepo@gmail.com>
-RepoMan <idzrepo@gmail.com>
-RepoMan <idzrepo@gmail.com>
-RepoMan <idzrepo@gmail.com>
-RepoMan <idzrepo@gmail.com>
-RepoMan <idzrepo@gmail.com>
-iPhoneDreams.com <Fractulator@iPhoneDreams.com>
-slodominator <slodominator@gmail.com>
-dangerous <dangerous@yahoo.com>
-rasputin007 <irasputin007@gmail.com>
-Faisal Polio <faisalpolio@yahoo.com.sg>
-Figment <figment098@yahoo.com>
-CandyBytch <damitajodamitajo@yahoo.com>
-Lewis Kelly <l_kelly9@hotmail.co.uk>
-Ryan V. <ryanrocksblu3@hotmail.com>
-SourceX <spmfan4lif3@yahoo.com>
-mack <mackandcheese09@hotmail.com>
-alysa danae <get-lost31@hotmail.com>
-Chindelfin <christianjay.delfin@hotmail.com>
-Shazaam <shazaam@iphonemodding.com>
-P1ayB0yBea5t <tygr72@gmail.com>
-Shazaam <shazaam@iphonemodding.com>
-Kyle Perkins <KyleP95@yahoo.com>
-Shazaam <shazaam@iphonemodding.com>
-Shazaam <shazaam@iphonemodding.com>
-omg <markstowell@gmail.com>
-Shazaam <shazaam@iphonemodding.com>
-Shazaam <shazaam@iphonemodding.com>
-Shazaam <shazaam@iphonemodding.com>
-Shazaam <shazaam@iphonemodding.com>
-Shazaam <shazaam@iphonemodding.com>
-Shazaam <shazaam@iphonemodding.com>
-Shazaam <shazaam@iphonemodding.com>
-Shazaam <shazaam@iphonemodding.com>
-Shazaam <shazaam@iphonemodding.com>
-Shazaam <shazaam@iphonemodding.com>
-Shazaam <shazaam@iphonemodding.com>
-Shazaam <shazaam@iphonemodding.com>
-cOmF <ccomfort92@aim.com>
-Nsandy <jvnski@yahoo.com>
-Redragon77 <redragon@bluewin.ch>
-javochido28 <javoflores28@hotmail.com>
-Andy Corley <musicxx7@yahoo.com>
-3losito11 <alejandro_13osito@yahoo.com>
-Thomas <thomaslovelace6@gmail.com>
-Shazaam <shazaam@iphonemodding.com>
-dangerous <dangerous@yahoo.com>
-Nikol Blinov <nikislide@gmail.com>
-Valentin B. <valentin.buzdug@googlemail.com>
-Andrew Fox <mrfoxyboy@live.co.uk>
-Varunified <smilespreader.varun@gmail.com>
-Marc Garcia <marcopolo249@aim.com>
-Shazaam <shazaam@iphonemodding.com>
-Aaron <i_iz_a_badmanz@hotmail.com>
-Danny Balderas <poppower123@gmail.com>
-Finn George <fin_rox@hotmail.com>
-Jake Oxley <jakeox@hotmail.com>
-Acecaldwell <austinace16@yahoo.com>
-Acecaldwell <austinace16@yahoo.com>
-Anthony Collins <anthonyc0llins@yahoo.com>
-Mjhguitar <Mjhguitar@textnow.me>
-adam htt <chezadam10@gmail.com>
-Mark Chandonais <mchando98@gmail.com>
-Faiz Meghani <iphonekid07@gmail.com>
-ShamXD <shamasaftab@hotmail.com>
-skatehack <jess-sk8s-4-eva@hotmail.co.uk>
-Shazaam <shazaam@iphonemodding.com>
-omardiab <omar_dodo18@hotmail.com>
-Shazaam <shazaam@iphonemodding.com>
-ZebSogo <aguk@live.com>
-Cole Train <jefferycole@hotmail.com>
-the creator <jack123987@ymail.com>
-Cole Train <jefferycole@hotmail.com>
-Googamalugafoo <robert.politi@yahoo.com>
-dangerous <dangerous@yahoo.com>
-MrAppCash <mrappcash@gmail.com>
-Shazaam <shazaam@iphonemodding.com>
-maXimus <maximus@iphonemodding.com>
-Albion <albion_1996@hotmail.com>
-Albaniankid <atdheu1@hotmail.com>
-Albion <albion_1996@hotmail.com>
-Albion <albion_1996@hotmail.com>
-Alechko <alechkogu@gmail.com>
-Djriad <djrmria@aim.com>
-omar306 <omar_ainelturck@hotmail.fr>
-Serena <sanne.ballet@hotmail.com>
-aLieN <TKxSniper@live.com>
-Sml7781 <sml7781@comcast.net>
-Asa <bones993@hotmail.com>
-Shazaam <shazaam@iphonemodding.com>
-superior2010 <superior2010@hotmail.co.uk>
-Shervin <shervinish1@live.com>
-trentonjeffro <mw2hacks98@hotmail.com>
-Andrew Fox <andysmartfox@hotmail.com>
-Andrew <andrew1995super@hotmail.com>
-braveboy510 <braveboy510@yahoo.com>
-Tyler Wagner <tywag1997@live.com>
-MGILLY55 <matthecat1@hotmail.com>
-Andrew Fox <andysmartfox@hotmail.com>
-***Leandra*** <lloveras.spanishan@gmail.com>
-Mb33zyiTouchHelper <miggygotitstrait@yahoo.com>
-Mb33zyiTouchHelper <miggygotitstrait@yahoo.com>
-mexico edson <ealvarado.fam@gmail.com>
-Chino <gohan__man@hotmail.com>
-christoforos <christopher.christofi@gmail.com>
-the creator <jack123987@ymail.com>
-TheJTsTech <jackson_killbill@hotmail.com>
-skatehack <jess-sk8s-4-eva@hotmail.co.uk>
-catechnohelp101 <catechnohelper@hotmail.com>
-skatehack <jess-sk8s-4-eva@hotmail.co.uk>
-cody suchoza <redrain123455@aol.com>
-AlbanianKid <atdheu1@hotmail.com>
-dangerous <dangerous@yahoo.com>
-Sukhi Singh <suk.singh@yahoo.com>
-PHo3nXRaDiATiOn <legendofzelda@live.ca>
-THE PROHACKER <theprohacker99@hotmail.com>
-javochido28 <javoflores28@hotmail.com>
-Nikol Blinov <nikislide@gmail.com>
-jmgd420 <jmgd420@yahoo.com>
-moin <moinpatel94@yahoo.com>
-catechnohelp101 <catechnohelper@hotmail.com>
-the creator <jack123987@ymail.com>
-Marko Rosandic <LudnicaKiller@gmail.com>
-AtifXD/ShamXD <atif97@hotmail.co.uk>
-JunJun Bautista <junjunbautista@gmail.com>
-JunJun Bautista <junjunbautista@gmail.com>
-Rinkul <rinkul123@gmail.com>
-XxTr1pL3xZ3R0xX <hello132@live.com>
-mason pearce <cars5743@gmail.com>
-Nsandymary <jvnski@yahoo.com>
-Nandymary <jvnski@yahoo.com>
-Jbk <gotmelky@optonline.net>
-Zach <chrisjericho4life@yahoo.com>
-rahees <raheesbostan@hotmail.co.uk>
-Briter123 <8gamer7@gmail.com>
-cody suchoza <redrain123455@aol.com>
-Safe_Cracker <masonsocha@yahoo.com>
-rasputin007 <irasputin007@gmail.com>
-fin_rox <fin_rox@hotmail.com>
-Alan Rathappillil <alanrathappillil@yahoo.com>
-Chris Meservey <ChrisMeservey@gmail.com>
-catechnohelp101 <catechnohelper@hotmail.com>
-jaredks <cole0007@live.com>
-Loriana <ninjameerkat@sky.co.uk>
-Ben <planeshift099@gmail.com>
-joaquin <joaqibrg@yahoo.com>
-Cochran Productions <georgeacochran@yahoo.com>
-darok11 <aidanvangrys@hotmail.com>
-Shazaam <shazaam@iphonemodding.com>
-Cole Train <jefferycole@hotmail.com>
-Shazaam <shazaam@iphonemodding.com>
-Andy Corley <musicxx7@yahoo.com>
-Shuo Jin <ubergreenninja@gmail.com>
-eloy099 <eloy099@hotmail.com>
-Shazaam <shazaam@iphonemodding.com>
-dark-pl <bartosz-pl@hotmail.com>
-Eric XTC <tu88y310@aim.com>
-Shazaam <shazaam@iphonemodding.com>
-Shazaam <shazaam@iphonemodding.com>
-Shazaam <shazaam@iphonemodding.com>
-maXimus <maximus@iphonemodding.com>
-acs96 <austin26drive@aol.com>
-maXimus <maximus@iphonemodding.com>
-Shazaam <shazaam@iphonemodding.com>
-Nsandymary <jvnski@yahoo.com>
-Shazaam <shazaam@iphonemodding.com>
-jorge <jorgey_731@hotmail.com>
-Shazaam <shazaam@iphonemodding.com>
-Valentin B. <valentin.buzdug@googlemail.com>
-omg <markstowell@gmail.com>
-Ryan V. <ryanrocksblu3@hotmail.com>
-Shazaam <shazaam@iphonemodding.com>
-omar diab <omar_dodo18@hotmail.com>
-Kpatel <kush416@yahoo.com>
-moin <moinpatel94@yahoo.com>
-Awesomedude <pedro.g.ferrer@hotmail.com>
-ChandlerVidios <cody_goalie_33@hotmail.com>
-robbie whone <rob-o-matic@hotmail.co.uk>
-fatboy257 <kenmclean411@aol.com>
-Zak Tennyson <zaky-101@hotmail.co.uk>
-Danny Balderas <poppower123@gmail.com>
-Danny Balderas <poppower123@gmail.com>
-Danny Balderas <poppower123@gmail.com>
-Danny Balderas <poppower123@gmail.com>
-Danny Balderas <poppower123@gmail.com>
-Danny Balderas <poppower123@gmail.com>
-Danny B <poppower123@gmail.com>
-Danny Balderas <poppower123@gmail.com>
-Danny Balderas <poppower123@gmail.com>
-Shazaam <shazaam@iphonemodding.com>
-Shazaam <shazaam@iphonemodding.com>
-Chase Savoie <chasesavoie@gmail.com>
-Addappz <jakeborg@rocketmail.com>
-Shazaam <shazaam@iphonemodding.com>
-omg <markstowell@hotmail.co.uk>
-Shazaam <shazaam@iphonemodding.com>
-iPhoneHacker02 <iphonehacker02@hotmail.com>
-Macus Martinez <abstract423k@gmail.com>
-iPhoneHacker02 <iphonehacker02@hotmail.com>
-Anthony W <Twillia30@yahoo.com>
-Shazaam <shazaam@iphonemodding.com>
-alysadanae <get-lost31@hotmail.com>
-Nsandymary <jvnski@yahoo.com>
-Shazaam <shazaam@iphonemodding.com>
-Shazaam <shazaam@iphonemodding.com>
-Shazaam <shazaam@iphonemodding.com>
-Shazaam <shazaam@iphonemodding.com>
-Shazaam <shazaam@iphonemodding.com>
-btquinn <btquinn@comcast.net>
-btquinn <btquinn@comcast.net>
-ipodmaster <blonshinebailey@yahoo.com>
-Chase Savoie <chasesavoie@gmail.com>
-Chase Savoie <chasesavoie@gmail.com>
-Gabrielm26 <gabriel.pastore@gmail.com>
-Cole Train <jefferycole@hotmail.com>
-Bekim <beki_71@hotmail.com>
-Shazaam <shazaam@iphonemodding.com>
-ben <benbishton@hotmail.co.uk>
-Addison Miller <yangachig@yahoo.com>
-varunified <smilespreader.varun@gmail.com>
-smynorjr <smynorjr@yahoo.com>
-Briter123 <8gamer7@gmail.com>
-Firas <tiger_boy@hotmail.com>
-Varunified <smilespreader.varun@gmail.com>
-BHL BeaRz <bkmudkipz101@live.com>
-Mrcrazyiphone <Mrcrazyiphone@gmail.com>
-Rickeey Trujillo <rickeey5@gmail.com>
-BiggRick <rickeey5@gmail.com>
-XxBLKMoMbAxX <zack.guy@hotmail.com>
-Bryce Vaughn <bvprow@gmail.com>
-Greg G  <bzz4567@yahoo.com>
-artgnz <artgnz@yahoo.com>
-Zeus <bluemaster11@hotmail.com>
-Jenniexbabyy <JennieSok@yahoo.com>
-Ipodtouch12133 <zavr5@hotmail.com>
-ipodmaster360 <ipodmaster360@hotmail.com>
-Nate Spadaro <N.Spadaro12@gmail.com>
-Manchester76 <iphone-dude@hotmail.com>
-THE PRO HACKER 99 <theprohacker99@hotmail.com>
-Alexander <lilat_boy@yahoo.com>
-rahees <raheesbostan@hotmail.co.uk>
-brandon <biggz.123@hotmail.co.uk>
-TheGazetteFC <thegazettefanbase@hotmail.com>
-ipodmaster360 <ipodmaster360@hotmail.com>
-carlos0taraco <carlos0taraco@gmail.com>
-XxHellzTr0jAnxX <hellztr0jan@hotmail.com>
-Thomas <thomaslovelace6@gmail.com>
-Nsandymary <jvnski@yahoo.com>
-Benjamin <ben.r2@hotmail.com>
-Shazaam <shazaam@iphonemodding.com>
-UZZY <usman-678@hotmail.com>
-JRAchino <gohan__man@hotmail.com>
-marshall <marshall1316@hotmail.com>
-Cochran Productions <georgeacochran@yahoo.com>
-MeTaLnOdEuG <metalnodeug@gmail.com>
-Bobby Cooche <jared.andy@hotmail.com>
-IanCollis1 <ian@schinke.me>
-AlbanianKid <atdheu1@hotmail.com>
-Aad <illesst_@hotmail.com>
-codename <jkdf.jkfg@ygfds.khd>
-Chase Savoie <chasesavoie@gmail.com>
-Ivan Ramirez <ivantendrum@yahoo.com>
-VMC <v.musiciscandy@gmail.com>
-ivan <ivantendrum@yahoo.com>
-Anthony <project34aw@gmail.com>
-s3ven <thegiggletheory@gmail.com>
-Nsandymary <jvnski@yahoo.com>
-Valentin B. <valentin.buzdug@googlemail.com>
-katia <siraragon014@yahoo.com>
-Chris Meservey
-Mrwillard <wcbbritan@gmail.com>
-robert bodie <bllr4lyf112795@aol.com>
-alex__dec <alex__dec@hotmail.com>
-Matt Boii <matty2497@yahoo.co.uk>
-Shazaam <shazaam@iphonemodding.com>
-Shazaam <shazaam@iphonemodding.com>
-jakeallan3 <jakeallan3@gmail.com>
-Steven <steven.clark87@gmail.com>
-Steven <steven.clark87@gmail.com>
-Steven <steven.clark87@gmail.com>
-Steven <steven.clark87@gmail.com>
-Shazaam <shazaam@iphonemodding.com>
-timothy corey <thegreattim2@yahoo.com>
-Shazaam <shazaam@iphonemodding.com>
-Wodam735 <wodam735@yahoo.com>
-Shazaam <shazaam@iphonemodding.com>
-omg <markstowell@hotmail.co.uk>
-sirstaven46 <dale882009@hotmail.com>
-Brad Dredge <brad1996@comcast.net>
-Jurgen Siegel <Jurgen_siegel@yahoo.com>
-Shazaam <shazaam@iphonemodding.com>
-Nikol Blinov <nikislide@gmail.com>
-zak <zak.forster@hotmail.co.uk>
-Cole Train <jefferycole@hotmail.com>
-Ivan Ramirez <ivantendrum@yahoo.com>
-caleb jeffers <calebjeffers2@live.com>
-Shazaam <shazaam@iphonemodding.com>
-Adrian Weber <weberaddy@googlemail.com>
-Zak Tennyson <zaky-101@hotmail.co.uk>
-Shazaam <shazaam@iphonemodding.com>
-Shazaam <shazaam@iphonemodding.com>
-Shazaam <shazaam@iphonemodding.com>
-Shazaam <shazaam@iphonemodding.com>
-Tyler <Tyler@bubbaman162@yahoo.com>
-Shazaam <shazaam@iphonemodding.com>
-maXimus <maximus@iphonemodding.com>
-Shazaam <shazaam@iphonemodding.com>
-Jocemilo <jocemilo@aim.com>
-Shazaam <shazaam@iphonemodding.com>
-Acecaldwell <austinace16@yahoo.com>
-evnay <evnay@hotmail.com>
-Shazaam <shazaam@iphonemodding.com>
-Codename <jhfghf.gfsgd@fgvsyf.dgf>
-ra1n4all <ra1n4all@aol.com>
-RJ Harris <hockeyfreakout@yahoo.com>
-RJ Harris <hockeyfreakout@yahoo.com>
-Valentin B. <valentin.buzdug@googlemail.com>
-Valentin B. <valentin.buzdug@googlemail.com>
-Valentin B. <valentin.buzdug@googlemail.com>
-iPodHacks142 <ipodhacks142@hotmail.co.uk>
-Shazaam <shazaam@iphonemodding.com>
-iPhoneHacker02 <iphonehacker02@hotmail.com>
-Timothy <Ipod.mymac@yahoo.com>
-Shazaam <shazaam@iphonemodding.com>
-Shazaam <shazaam@iphonemodding.com>
-maXimus <maximus@iphonemodding.com>
-Thomas <thomaslovelace6@gmail.com>
-Safe_Cracker <masonsocha@yahoo.com>
-Shazaam <shazaam@iphonemodding.com>
-Addison Miller <yangachig@yahoo.com>
-Chris Lambert <chrislambert@hotmail.com>
-Joshua Alvarez <j.alvarez4Jesus@gmail.com>
-Gaetano826 <gaetano826@gmail.com>
-gaetano826 <gaetano826@gmail.com>
-Shazaam <shazaam@iphonemodding.com>
-jaclyn <jaclyn-x@live.com>
-CFos <chrisfrancu@gmail.com>
-CFos <chrisfrancu@gmail.com>
-CFos <chrisfrancu@gmail.com>
-CFos <chrisfrancu@gmail.com>
-CFos <chrisfrancu@gmail.com>
-Shazaam <shazaam@iphonemodding.com>
-Shazaam <shazaam@iphonemodding.com>
-omg <markstowell@hotmail.co.uk>
-Nsandy <jvnski@yahoo.com>
-omg <markstowell@hotmail.co.uk>
-Shazaam <shazaam@iphonemodding.com>
-Shazaam <shazaam@iphonemodding.com>
-Shazaam <shazaam@iphonemodding.com>
-Alan Rathappillil <alanrathappillil@yahoo.com>
-Shazaam <shazaam@iphonemodding.com>
-parkwaydrive97 <autoto97@hotmail.com>
-parkwaydrive97 <autoto97@hotmail.com>
-ChrisL <Chrisl17@live.com>
-Serena <sanne.ballet@hotmail.com>
-omg <markstowell@hotmail.co.uk>
-omg <markstowell@hotmail.co.uk>
-Shazaam <shazaam@iphonemodding.com>
-Shazaam <shazaam@iphonemodding.com>
-Faruq <Faruq_hira@yahoo.com>
-Nsandymary <jvnski@yahoo.com>
-Shazaam <shazaam@iphonemodding.com>
-Shazaam <shazaam@iphonemodding.com>
-chucrut <juanixt@hotmail.com>
-Shazaam <shazaam@iphonemodding.com>
-nsandymary <jvnski@yahoo.com>
-Shazaam <shazaam@iphonemodding.com>
-Shazaam <shazaam@iphonemodding.com>
-Shazaam <shazaam@iphonemodding.com>
-iPhoneHacker02 <iphonehacker02@hotmail.com>
-travis <traviskubiak@live.com>
-Shazaam <shazaam@iphonemodding.com>
-Shazaam <shazaam@iphonemodding.com>
-Shazaam <shazaam@iphonemodding.com>
-Shazaam <shazaam@iphonemodding.com>
-Shazaam <shazaam@iphonemodding.com>
-Shazaam <shazaam@iphonemodding.com>
-Shazaam <shazaam@iphonemodding.com>
-Brandon <stclair_brandon@yahoo.com>
-Shazaam <shazaam@iphonemodding.com>
-Shazaam <shazaam@iphonemodding.com>
-Shazaam <shazaam@iphonemodding.com>
-FlaminDeathPony <FlaminDeathPony@iphonemodding.com>
-Andy Corley <musicxx7@yahoo.com>
-Selena <skitels@hotmail.com>
-Tango <alextang8@hotmail.com>
-joshua evans <evansjs8@aol.com>
-ipodmaster360 <ipodmaster360@hotmail.com>
-theappleiphonehelper <theappleiphonehelper@hotmail.com>
-Nsandymary <jvnski@yahoo.com>
-slodominator <cameronbratcher@gmail.com>
-iceman2692006 <iceman2692006@yahoo.com>
-Shazaam <shazaam@iphonemodding.com>
-Mitchell Lund <mlhd98@gmail.com>
-Jack Balakas <rampager60@hotmail.com>
-XxBLKMoMbAxX <zack.guy@hotmail.com>
-Wasim <wasim_bad_boy@hotmail.co.uk>
-toma pavlovic <tom4188911@gmail.com>
-Shazaam <shazaam@iphonemodding.com>
-Shazaam <shazaam@iphonemodding.com>
-corinna <corinnachamb@aol.com>
-Shazaam <shazaam@iphonemodding.com>
-Shazaam <shazaam@iphonemodding.com>
-Timothy Corey <thegreattim@yahoo.com>
-Shazaam <shazaam@iphonemodding.com>
-Sonny <adkiller102@aol.com>
-monsterGuru4 <armaan_j@hotmail.co.uk>
-Shazaam <shazaam@iphonemodding.com>
-Cole Train <jefferycole@hotmail.com>
-Shazaam <shazaam@iphonemodding.com>
-Bebe0910 <gui_bebe_ice@yahoo.com.vn>
-Shazaam <shazaam@iphonemodding.com>
-Ivan Ramirez <ivantendrum@yahoo.com>
-Shazaam <shazaam@iphonemodding.com>
-javochido28 <javoflores28@hotmail.com>
-superior2010 <superior2010@hotmail.co.uk>
-ExjeetzZ <pushpgill2@gmail.com>
-Owen Lewis <zphonen8@gmail.com>
-Brendybaby <brendybaby@me.com>
-Shazaam <shazaam@iphonemodding.com>
-Wodam735 <wodam735@yahoo.com>
-Shazaam <shazaam@iphonemodding.com>
-Shazaam <shazaam@iphonemodding.com>
-danea reed <daneareed@comcast.net>
-Shazaam <shazaam@iphonemodding.com>
-Spyderpig124 <Spyderpig124@yahoo.com>
-theappleiphonehelper <theappleiphonehelper@hotmail.com>
-Cinaldo <cinaldo@o2.pl>
-Addison Miller <yangachig@yahoo.com>
-Cole Train <jefferycole@hotmail.com>
-ivan <ivantendrum@yahoo.com>
-Shazaam <shazaam@iphonemodding.com>
-Shazaam <shazaam@iphonemodding.com>
-Shazaam <shazaam@iphonemodding.com>
-Thomas C. <wwwtommy92@hotmail.it>
-Faruq hira <Faruq_hira@yahoo.com>
-Nikol Blinov <nikislide@gmail.com>
-Nikol Blinov <nikislide@gmail.com>
-Nikislide Nikol Blinov <nikislide@gmail.com>
-Sam mitchell <sam88mitchell@yahoo.com>
-omg <markstowell@gmail.com>
-VIhan <vihan2001@gmail.com>
-Dav-eh <info@dav-eh.com>
-Rasputin007 <irasputin007@gmail.com>
-Bigawoah <brandonsimpson@yahoo.com>
-Shazaam <shazaam@iphonemodding.com>
-Shazaam <shazaam@iphonemodding.com>
-Nsandymary <jvnski@yahoo.com>
-Kieranqwerty <kieran@milbourne.net>
-Shazaam <shazaam@iphonemodding.com>
-Shazaam <shazaam@iphonemodding.com>
-Mickey063 <Mickey063@optonline.net>
-D3LO X <adeel_200sx_s14@hotmail.co.uk>
-Shazaam <shazaam@iphonemodding.com>
-Shazaam <shazaam@iphonemodding.com>
-Shazaam <shazaam@iphonemodding.com>
-Shazaam <shazaam@iphonemodding.com>
-Shazaam <shazaam@iphonemodding.com>
-Cole Train <jefferycole@hotmail.com>
-Shazaam <shazaam@iphonemodding.com>
-Shazaam <shazaam@iphonemodding.com>
-Shazaam <shazaam@iphonemodding.com>
-Shazaam <shazaam@iphonemodding.com>
-Shazaam <shazaam@iphonemodding.com>
-Shazaam <shazaam@iphonemodding.com>
-photomonkey <colby.colyer@yahoo.com>
-Dha Kid De'Quan <dhakiddequan@yahoo.com>
-maXimus <maximus@iphonemodding.com>
-Nsandymary <jvnski@yahoo.com>
-Kat Baker <kat8404@live.com>
-Woosh <this_is_una@hotmail.com>
-Shazaam <shazaam@iphonemodding.com>
-DJ Heik <mrwerderbremen@web.de>
-Kyle <kburton97@gmail.com>
-omg <markstowell@hotmail.co.uk>
-VampOfVegas <iphone@ByVampDesign.com>
-Shazaam <shazaam@iphonemodding.com>
-Serena <sanne.ballet@hotmail.com>
-MYNAMEISHUNA <this_is_una@hotmail.com>
-Shazaam <shazaam@iphonemodding.com>
-Shazaam <shazaam@iphonemodding.com>
-Jmorr16 <Xtremeuni1016@yahoo.com>
-ashleigh <ashleigh.7777@live.co.uk>
-9wq <nolifeer@gmail.com>
-Dork Man <dorkman@live.com>
-tensai <tensai_18_ian@yahoo.com>
-Ryan V <ryanrocksblu3@hotmail.com>
-Shazaam <shazaam@iphonemodding.com>
-Shazaam <shazaam@iphonemodding.com>
-alysadanae <get-lost31@hotmail.com>
-Sufiyman <Ifraelizah@gmail.com>
-nsandymary <jvnski@yahoo.com>
-omg <markstowell@hotmail.co.uk>
-Valentin B. <valentin.buzdug@googlemail.com>
-Shazaam <shazaam@iphonemodding.com>
-KARELY <karely012@gmail.com>
-Shazaam <shazaam@iphonemodding.com>
-dartagnan <tmactmac75@yahoo.com>
-Rasputin007 <irasputin007@gmail.com>
-Valentin B. <valentin.buzdug@googlemail.com>
-Shazaam <shazaam@iphonemodding.com>
-THE PRO HACKER 99 <i.moey@hotmail.com>
-regi_Y <regi_y@live.com>
-Ominous <john66521@live.com>
-BlazeRowland <blazerowland5@gmail.com>
-Shazaam <shazaam@iphonemodding.com>
-Chase Savoie <chasesavoie@gmail.com>
-Michael Levi <mikelev151@gmail.com>
-Nicholas Wallach <nawyankees@aol.com>
-speechnick <speechnick@hotmail.co.uk>
-Steven <steven.clark87@gmail.com>
-TylerGodfather <Fatmastaslasher@hotmail.com>
-michael.g <colchesterrugby@hotmail.com>
-omg <markstowell@gmail.com>
-Shazaam <shazaam@iphonemodding.com>
-Eric and Nick <nicksmith2095@gmail.com>
-MATTHEW! <matthewandhimself@gmail.com>
-maXimus <maximus@iphonemodding.com>
-Self1995 <self1995@yahoo.com>
-Eric Radcliffe <erad@embarqmail.com>
-Shazaam <shazaam@iphonemodding.com>
-ESA <esa593@hotmail.com>
-Mark Tutton <markiphone817@yahoo.com>
-Shazaam <shazaam@iphonemodding.com>
-Shazaam <shazaam@iphonemodding.com>
-xpv3000 <kyleexum@gmail.com>
-Shazaam <shazaam@iphonemodding.com>
-SeYeNmedia <kervan@kalphuzuru.com>
-Teenage Hacker <blackhawkairsoft1@gmail.com>
-theappleiphonehelper <theappleiphonehelper@hotmail.com>
-humza6951 <mhumzatanveer@yahoo.com>
-thecydiafreak <fabientf@gmail.com>
-codename <jkdf.jkfg@ygfds.khd>
-ShamXD <shamasaftab@hotmail.com>
-felipe <juarezfelipe50@yahoo.com>
-Shazaam <shazaam@iphonemodding.com>
-DeveloperX <kareemnosseir@aol.com>
-mike <c.niekerk@hetnet.nl>
-Shazaam <shazaam@iphonemodding.com>
-Briter123 <8gamer7@gmail.com>
-Shazaam <shazaam@iphonemodding.com>
-Cole Train <jefferycole@hotmail.com>
-Jaredks <cole0007@live.com>
-juantuan100 <juan.vazquez_13@yahoo.com>
-Austin Justine <austin.ray.justine@gmail.com>
-Shazaam <shazaam@iphonemodding.com>
-Shazaam <shazaam@iphonemodding.com>
-maXimus <maximus@iphonemodding.com>
-Oscar <drzjerseyboy@aol.com>
-Nsandy <jvnski@yahoo.com>
-Shazaam <shazaam@iphonemodding.com>
-Aaron Wellings <wellings22@gmail.com>
-Shazaam <shazaam@iphonemodding.com>
-Brandin L Dickens <brandindickens@yahoo.com>
-smallfry010 <louieortiz2@yahoo.com>
-iPhoneHacker02 <iphonehacker02@hotmail.com>
-AtifXD <atif97@hotmail.co.uk>
-Nikol Blinov <nikislide@gmail.com>
-Nikol Blinov <nikislide@gmail.com>
-Nikol Blinov <nikislide@gmail.com>
-Shazaam <shazaam@iphonemodding.com>
-RIP408 <l_rip_408_l@hotmail.com>
-corinna <corinnachamb@aol.com>
-Josh Clarke <battery.boy@hotmail.co.uk>
-Atom <bsnoog@yahoo.com>
-Shazaam <shazaam@iphonemodding.com>
-noaorulez <noaorulez@yahoo.com>
-Shazaam <shazaam@iphonemodding.com>
-JeremyPaz <jeremypaz23@yahoo.com>
-Marko Rosandic <LudnicaKiller@gmail.com>
-N1K1SL1D3 Nikol Blinov <nikislide@gmail.com>
-Cole Train <jefferycole@hotmail.com>
-zarutu12 <alex.mctaggart@yahoo.com>
-Shazaam <shazaam@iphonemodding.com>
-JOey CAnHeaD <xljcrclx@gmail.com>
-CharlieGoesPro <CharlieSwafford3@gmail.com>
-Cole Train <jefferycole@hotmail.com>
-Shazaam <shazaam@iphonemodding.com>
-Shazaam <shazaam@iphonemodding.com>
-acs96 <austin26drive@aol.com>
-Shazaam <shazaam@iphonemodding.com>
-Shazaam <shazaam@iphonemodding.com>
-Nsandy <jvnski@yahoo.com>
-Shazaam <shazaam@iphonemodding.com>
-Shazaam <shazaam@iphonemodding.com>
-Jeremy Stark <jeremystark1@aol.com>
-Marko Rosandic <LudnicaKiler@gmail.com>
-Mark Tutton <markiphone817@yahoo.com>
-Shazaam <shazaam@iphonemodding.com>
-nathanmc11 <nathanmc11@yahoo.com>
-hefty1234 <hefty_1234@hotmail.com>
